Stationsnamn,StationsID,VattenförekomstID,Typ,Vattenmiljö,Region,long,lat
Abiskojokk Röda Bron,SE758793-162214,WA37110481,Vattendrag,Sjöar och Vattendrag,Norra Sverige,18.77184013,68.35624547
Ådalsån,SE695998-156845,WA55967934,Vattendrag,Sjöar och Vattendrag,Norra Sverige,17.17074524,62.71294703
Akkarjåkkå,SE753460-165285,WA34033118,Vattendrag,Sjöar och Vattendrag,Norra Sverige,19.44000492,67.86419802
"Ålbergaån, Kila",SE651375-154304,WA51800039,Vattendrag,Sjöar och Vattendrag,Södra Sverige,16.54850779,58.74391719
Alep Uttjajåkkå,SE739283-163835,WA60052782,Vattendrag,Sjöar och Vattendrag,Norra Sverige,18.92669468,66.60227332
Alsterån Getebro,SE632033-152167,,Vattendrag,Flodmynningar,Södra Sverige,16.16188155,57.00891116
Alterälven Norrfjärden,SE726942-176351,,Vattendrag,Flodmynningar,Norra Sverige,21.48593021,65.41992929
Ammerån Skyttmon,SE703411-148805,WA56088945,Vattendrag,Sjöar och Vattendrag,Norra Sverige,15.5657659,63.41565164
Ångermanälven Sollefteå,SE700773-157350,,Vattendrag,Flodmynningar,Norra Sverige,17.26414533,63.17171781
Anråsälven,SE651029-124710,WA36556832,Vattendrag,Sjöar och Vattendrag,Södra Sverige,11.33547272,58.63928534
Arån,SE697717-139085,WA11914890,Vattendrag,Sjöar och Vattendrag,Norra Sverige,13.83446717,62.75168165
"Ätran, Falkenberg",SE631338-129833,,Vattendrag,Flodmynningar,Södra Sverige,12.49463858,56.90312913
Bastuån,SE700012-140354,WA38611588,Vattendrag,Sjöar och Vattendrag,Norra Sverige,13.83138912,63.26786699
Bäveån Uddevalla,SE647582-127369,,Vattendrag,Flodmynningar,Södra Sverige,11.93926939,58.3471167
Bergmyrbäcken,SE728070-165120,WA66448021,Vattendrag,Sjöar och Vattendrag,Norra Sverige,19.08386106,65.59238888
Björnbackån,SE673809-153401,,Vattendrag,Sjöar och Vattendrag,Norra Sverige,16.4289439,60.75827733
Bjurbäcken,SE718265-171875,WA95930698,Vattendrag,Sjöar och Vattendrag,Norra Sverige,20.38976032,64.6773374
Bjurforsbäcken,SE666881-151821,WA11915510,Vattendrag,Sjöar och Vattendrag,Norra Sverige,16.13282772,60.13752801
Blankan,SE627958-134477,WA56955874,Vattendrag,Sjöar och Vattendrag,Södra Sverige,13.30951557,56.5619198
Botorpström Brunnsö,SE639339-154122,,Vattendrag,Flodmynningar,Södra Sverige,16.49581798,57.66357274
Bråtängsbäcken,SE650799-143323,WA11935716,Vattendrag,Sjöar och Vattendrag,Södra Sverige,14.65378075,58.68919187
Bulsjöån,SE641475-147365,WA86777326,Vattendrag,Sjöar och Vattendrag,Södra Sverige,15.36137596,57.85645234
Dalälven Älvkarleby,SE671742-158974,,Vattendrag,Flodmynningar,Norra Sverige,17.44139366,60.56420642
Dammån,SE632137-147160,WA45416248,Vattendrag,Sjöar och Vattendrag,Södra Sverige,15.33768889,57.01787167
Delångersån Iggesund,SE683661-156793,,Vattendrag,Flodmynningar,Norra Sverige,17.08635313,61.63785056
Domneån Utl. Vättern,SE641827-139990,WA79424619,Vattendrag,Sjöar och Vattendrag,Södra Sverige,14.11805359,57.8776172
Emån Emsfors,SE633520-153920,,Vattendrag,Flodmynningar,Södra Sverige,16.45271801,57.14127116
Enån,SE664297-136937,WA63487998,Vattendrag,Sjöar och Vattendrag,Södra Sverige,13.52593462,59.87576802
Enningdalsälv N.Bullaren,SE653621-125394,,Vattendrag,Flodmynningar,Södra Sverige,11.53739694,58.87716846
"Fiskonbäcken, v.vid mynn",SE720990-147270,WA37926239,Vattendrag,Sjöar och Vattendrag,Norra Sverige,15.22640831,64.99158617
Forsmarksån Johannisfors,SE669500-163246,,Vattendrag,Flodmynningar,Södra Sverige,18.20479497,60.35137318
Gärebäcken,SE647707-141033,WA80380116,Vattendrag,Sjöar och Vattendrag,Södra Sverige,14.2712291,58.40756685
Gavleån Gävle,SE672915-157210,,Vattendrag,Flodmynningar,Norra Sverige,17.12415568,60.67300593
Gide älv Gideåbacka,SE703055-166572,,Vattendrag,Flodmynningar,Norra Sverige,19.11566243,63.34554673
Göta Älv Trollhättan,SE646771-129330,,Vattendrag,Sjöar och Vattendrag,Södra Sverige,12.28074712,58.28411925
"Göta älv, Alelyckan",SE641071-127372,,Vattendrag,Flodmynningar,Södra Sverige,12.00237667,57.76386468
Gothemsån Hörsne,SE638491-166721,,Vattendrag,Sjöar och Vattendrag,Södra Sverige,18.59906158,57.55842989
Hammarbäcken,SE688271-138240,WA71072371,Vattendrag,Sjöar och Vattendrag,Norra Sverige,13.99658532,62.11655329
Härån,SE684404-578511,WA62859200,Vattendrag,Sjöar och Vattendrag,Norra Sverige,16.59345221,61.77788687
Hästgångsån,SE638561-141289,WA62510992,Vattendrag,Sjöar och Vattendrag,Södra Sverige,14.27485999,57.56287216
Helgaboån,SE640085-138148,WA12737498,Vattendrag,Sjöar och Vattendrag,Södra Sverige,13.81641707,57.71679042
Helgeån Hammarsjön,SE620277-140091,,Vattendrag,Flodmynningar,Södra Sverige,14.21933323,55.94344134
Höjdabäcken,SE710354-155465,WA24742612,Vattendrag,Sjöar och Vattendrag,Norra Sverige,16.92323443,64.03440745
Hökvattsån,SE708380-145455,WA75124922,Vattendrag,Sjöar och Vattendrag,Norra Sverige,14.88077478,63.85866102
Hovgårdsån,SE631040-131581,WA55301346,Vattendrag,Sjöar och Vattendrag,Södra Sverige,12.78759804,56.87281453
Indalsälven Bergeforsen,SE693587-158205,,Vattendrag,Flodmynningar,Norra Sverige,17.39854876,62.52540632
Kalix älv Karlsborg,SE732407-183604,,Vattendrag,Flodmynningar,Norra Sverige,23.17317292,65.839595
Kärmsjöbäcken,SE708485-154920,WA98025719,Vattendrag,Sjöar och Vattendrag,Norra Sverige,16.80575199,63.86758144
Kävlingeån Högsmölla,SE618678-132881,,Vattendrag,Sjöar och Vattendrag,Södra Sverige,13.07665247,55.77973907
Killingi,SE749870-169055,WA30011092,Vattendrag,Sjöar och Vattendrag,Norra Sverige,20.27209149,67.5210292
Kitkiöjoki,SE753778-181417,WA72266995,Vattendrag,Sjöar och Vattendrag,Norra Sverige,23.25594374,67.76318577
Klarälven Edsforsen,SE666294-137309,WA89864864,Vattendrag,Sjöar och Vattendrag,Södra Sverige,13.52596366,60.06558493
Klingavälsån Vomb,SE617263-135608,WA14011444,Vattendrag,Sjöar och Vattendrag,Södra Sverige,13.51832206,55.66162789
Kolarebäcken,SE641953-137406,WA39944872,Vattendrag,Sjöar och Vattendrag,Södra Sverige,13.68217245,57.88238438
Kukkasjärvi,SE735526-183905,WA97950526,Vattendrag,Sjöar och Vattendrag,Norra Sverige,23.32003312,66.11375396
Kvarnån,SE703626-153615,WA38909960,Vattendrag,Sjöar och Vattendrag,Norra Sverige,16.52915741,63.43331375
Lagan Laholm,SE626875-133051,,Vattendrag,Sjöar och Vattendrag,Södra Sverige,13.05157412,56.51567817
Laxbäcken,SE663532-523976,WA13162462,Vattendrag,Sjöar och Vattendrag,Södra Sverige,15.46792229,59.72999925
Laxtjärnsbäcken,SE730224-165025,WA60567507,Vattendrag,Sjöar och Vattendrag,Norra Sverige,19.08765977,65.785698
Lekarån,SE699780-139553,WA55565146,Vattendrag,Sjöar och Vattendrag,Norra Sverige,13.73778998,63.07501955
Lill-Fämtan,SE675032-135400,WA43483826,Vattendrag,Sjöar och Vattendrag,Norra Sverige,13.11954701,60.84263231
Lillån,SE706176-733260,WA62616626,Vattendrag,Sjöar och Vattendrag,Norra Sverige,19.7437664,63.53728237
Lillån,SE636806-147459,WA99240897,Vattendrag,Sjöar och Vattendrag,Södra Sverige,15.49322818,57.41229702
Lillån,SE629147-133368,WA19412340,Vattendrag,Sjöar och Vattendrag,Södra Sverige,13.06590268,56.69954869
Lillån/Bosgårdsån,SE631375-379389,WA50192169,Vattendrag,Sjöar och Vattendrag,Södra Sverige,13.07167261,56.92580825
Lilltjärnsbäcken,SE707822-133430,WA99507792,Vattendrag,Sjöar och Vattendrag,Norra Sverige,12.44476816,63.77241927
Lindåsabäcken,SE639719-133565,WA35495796,Vattendrag,Sjöar och Vattendrag,Södra Sverige,13.05075814,57.66956332
Ljungaån,SE637960-132204,WA88378649,Vattendrag,Sjöar och Vattendrag,Södra Sverige,12.6939066,57.47062584
Ljungan Skallböleforsen,SE691743-155984,,Vattendrag,Flodmynningar,Norra Sverige,16.96091797,62.36424547
Ljungbyån Ljungbyholm,SE627831-152255,,Vattendrag,Flodmynningar,Södra Sverige,16.17267365,56.6315333
Ljusnan Funäsdalen,SE694231-133350,WA99367298,Vattendrag,Sjöar och Vattendrag,Norra Sverige,12.56747035,62.55475982
"Ljusnan, Ljusne Strömmar",SE678924-156862,,Vattendrag,Flodmynningar,Norra Sverige,17.08189593,61.21275208
Loån,SE660713-165636,WA79044816,Vattendrag,Sjöar och Vattendrag,Södra Sverige,18.57075767,59.55511339
Lögde älv Lögdeå,SE705438-167938,,Vattendrag,Flodmynningar,Norra Sverige,19.41470939,63.55232488
Lommabäcken Nedre,SE650920-143244,,Vattendrag,Sjöar och Vattendrag,Södra Sverige,14.6398004,58.69993092
Lule älv Luleå,SE729186-178575,,Vattendrag,Flodmynningar,Norra Sverige,22.00965029,65.60131055
Lyckebyån Lyckeby,SE623006-149119,,Vattendrag,Flodmynningar,Södra Sverige,15.66332018,56.19867582
Mansån,SE664335-136275,WA77117417,Vattendrag,Sjöar och Vattendrag,Södra Sverige,13.35347883,59.88658523
Mattjockbäcken,SE723232-161455,WA23593659,Vattendrag,Sjöar och Vattendrag,Norra Sverige,18.24944341,65.17393004
Mesjön,SE718001-147980,WA78387734,Vattendrag,Sjöar och Vattendrag,Norra Sverige,15.38111004,64.72401696
Mörrumsån Mörrum,SE622950-143450,,Vattendrag,Flodmynningar,Södra Sverige,14.75026862,56.18921416
Motala Ström Norrköping,SE649673-151838,,Vattendrag,Flodmynningar,Södra Sverige,16.12124495,58.59287351
Muddusälven,SE741419-169012,WA60139716,Vattendrag,Sjöar och Vattendrag,Norra Sverige,20.12467487,66.7657565
Musån,SE637187-135350,WA34316369,Vattendrag,Sjöar och Vattendrag,Södra Sverige,13.33164094,57.47631607
Nissan Halmstad,SE628877-132040,,Vattendrag,Flodmynningar,Södra Sverige,12.87365644,56.69148329
Norrhultsbäcken,SE633316-146198,WA36456490,Vattendrag,Sjöar och Vattendrag,Södra Sverige,15.1775309,57.12304647
Norrström Stockholm,SE658078-162873,,Vattendrag,Flodmynningar,Södra Sverige,18.0667248,59.32817587
Nyköpingsån Spånga,SE652370-156442,,Vattendrag,Flodmynningar,Södra Sverige,16.92055026,58.83056705
Oradbäcken Ö.Kärtmyrås,SE678609-137505,,Vattendrag,Sjöar och Vattendrag,Norra Sverige,13.5000877,61.17085084
Öre älv Torrböle,SE707160-168739,,Vattendrag,Flodmynningar,Norra Sverige,19.59600707,63.70232616
Örekilsälven Munkedal,SE648930-125964,,Vattendrag,Flodmynningar,Södra Sverige,11.68587438,58.46036302
Ostvik,SE721000-174904,WA96430884,Vattendrag,Sjöar och Vattendrag,Norra Sverige,21.06912735,64.90065003
Övre Lansjärv,SE740810-178405,,Vattendrag,Sjöar och Vattendrag,Norra Sverige,22.23094398,66.63894532
Pipbäcken Nedre,SE633070-131710,,Vattendrag,Sjöar och Vattendrag,Södra Sverige,12.78971404,57.06622654
Pite älv Bölebyn,SE726410-175525,,Vattendrag,Flodmynningar,Norra Sverige,21.29889225,65.37900489
Råån Helsingborg,SE621205-131122,,Vattendrag,Flodmynningar,Södra Sverige,12.77908814,55.99984343
Råne älv Niemisel,SE733833-177925,,Vattendrag,Flodmynningar,Norra Sverige,21.96818848,66.02137087
Rickleån Utl,SE711900-175034,,Vattendrag,Flodmynningar,Norra Sverige,20.94122229,64.08679932
Ringsmobäcken,SE654845-126685,WA87368980,Vattendrag,Sjöar och Vattendrag,Södra Sverige,11.74778248,58.99396742
Rönneån Klippan,SE622467-133458,,Vattendrag,Sjöar och Vattendrag,Södra Sverige,13.1452722,56.12167993
Sävjaån Ingvasta,SE665649-161397,WA73538296,Vattendrag,Sjöar och Vattendrag,Södra Sverige,17.84852688,60.01157277
Silverån,SE639020-148650,WA45704566,Vattendrag,Sjöar och Vattendrag,Södra Sverige,15.57920079,57.63659531
Skansnäsån,SE724097-151160,WA12679259,Vattendrag,Sjöar och Vattendrag,Norra Sverige,16.05331696,65.2711791
Skärån,SE621643-134041,WA32370039,Vattendrag,Sjöar och Vattendrag,Södra Sverige,13.17441435,56.09535339
Skellefte älv Slagnäs,SE728796-160764,WA32567448,Vattendrag,Sjöar och Vattendrag,Norra Sverige,18.14622508,65.6748619
"Skellefte älv, Kvistforsen",SE719095-173622,,Vattendrag,Flodmynningar,Norra Sverige,20.76791671,64.73973457
Skivarpsån Skivarp,SE614886-136002,,Vattendrag,Sjöar och Vattendrag,Södra Sverige,13.59290053,55.449434
Skuggälven,SE654022-124861,WA54920650,Vattendrag,Sjöar och Vattendrag,Södra Sverige,11.17002913,58.93929107
Smedjeån V. Mellby,SE626827-132577,,Vattendrag,Sjöar och Vattendrag,Södra Sverige,12.97497876,56.50963634
Sörjabäcken,SE673813-153174,WA86962872,Vattendrag,Sjöar och Vattendrag,Norra Sverige,16.42893665,60.75827627
Stockholm Centralbron,SE658065-162841,,Vattendrag,Flodmynningar,Södra Sverige,18.06103714,59.32711449
Stormyrbäcken,SE690530-152405,WA15165797,Vattendrag,Sjöar och Vattendrag,Norra Sverige,16.26798186,62.25942694
Storselsån,SE707204-161537,WA13229699,Vattendrag,Sjöar och Vattendrag,Norra Sverige,18.56763805,63.63928002
"Svartberget, C7",SE713297-169256,WA27120760,Vattendrag,Sjöar och Vattendrag,Norra Sverige,19.77789453,64.25128231
Svedån Sved,SE643455-140114,WA44293011,Vattendrag,Sjöar och Vattendrag,Södra Sverige,14.13216242,58.02400462
Tolångaån Tolånga,SE617027-137477,WA78517976,Vattendrag,Sjöar och Vattendrag,Södra Sverige,13.81617245,55.645614
Töre älv Infl.Bölträsket,SE733222-181059,,Vattendrag,Flodmynningar,Norra Sverige,22.63954125,65.9378769
Torne älv Mattila,SE733351-187900,,Vattendrag,Flodmynningar,Norra Sverige,24.13103576,65.87546855
Tosthultsån,SE625442-141314,WA87719053,Vattendrag,Sjöar och Vattendrag,Södra Sverige,14.35424404,56.3239698
Trösälven,SE659564-142727,WA27353528,Vattendrag,Sjöar och Vattendrag,Södra Sverige,14.51768426,59.35595352
Ume älv Stornorrfors,SE708979-170865,,Vattendrag,Flodmynningar,Norra Sverige,20.04917621,63.85312248
V. Dalälven Mockfjärd,SE670757-145007,WA83495266,Vattendrag,Sjöar och Vattendrag,Norra Sverige,14.89704004,60.48271089
Vapstälven,SE726075-144043,WA32889936,Vattendrag,Sjöar och Vattendrag,Norra Sverige,14.52078082,65.44332253
"Västergarnsån, Liffedarve",SE637535-164346,WA23701054,Vattendrag,Sjöar och Vattendrag,Södra Sverige,18.19704168,57.4808083
Västersel,SE703847-162474,WA43699279,Vattendrag,Sjöar och Vattendrag,Norra Sverige,18.30422717,63.43316246
Verkaån,SE617710-138599,WA82206081,Vattendrag,Sjöar och Vattendrag,Södra Sverige,14.19689065,55.72414385
Viepsajåkkå,SE737675-158280,WA56061050,Vattendrag,Sjöar och Vattendrag,Norra Sverige,17.66350239,66.4780452
Vindelälven Maltbrännan,SE716805-166700,WA54087504,Vattendrag,Sjöar och Vattendrag,Norra Sverige,19.29114682,64.57621165
Vingån,SE673303-133869,WA97449813,Vattendrag,Sjöar och Vattendrag,Norra Sverige,12.92250446,60.68884093
Virån,SE635805-154005,WA35243626,Vattendrag,Sjöar och Vattendrag,Södra Sverige,16.47043134,57.34637541
Viskan Åsbro,SE635136-128895,,Vattendrag,Flodmynningar,Södra Sverige,12.30906299,57.2393718
Viskansbäcken,SE692688-153260,WA30601332,Vattendrag,Sjöar och Vattendrag,Norra Sverige,16.43658682,62.45239493
Vretaån,SE651360-153835,WA39935042,Vattendrag,Sjöar och Vattendrag,Södra Sverige,16.46749348,58.74300554
